WED/R/s-PS/R/s-PB/L2|L3/b
WED/R/s-PS/R/s-PB/L3|L4/b
WED/R/s-PS/R/s-PB/L4|L5/b
WED/R/s-PS/R/s-PB/L5|L6/b
WED/R/s-PS/R/s-PB/L6|L7/b
WED/R/s-PS/R/s-PB/L7|L8/b
WED/R/s-PS/R/s-PB/L8|L9/b
wed/L/s-ps/L/s-PB/L2|L3/b
wed/L/s-ps/L/s-PB/L3|L4/b
wed/L/s-ps/L/s-PB/L4|L5/b
wed/L/s-ps/L/s-PB/L5|L6/b
wed/L/s-ps/L/s-PB/L6|L7/b
wed/L/s-ps/L/s-PB/L7|L8/b
wed/L/s-ps/L/s-PB/L8|L9/b
WED/R/s-PS/R/s-PB/R2|R3/b
WED/R/s-PS/R/s-PB/R3|R4/b
WED/R/s-PS/R/s-PB/R4|R5/b
WED/R/s-PS/R/s-PB/R5|R6/b
WED/R/s-PS/R/s-PB/R6|R7/b
WED/R/s-PS/R/s-PB/R7|R8/b
WED/R/s-PS/R/s-PB/R8|R9/b
wed/L/s-ps/L/s-PB/R2|R3/b
wed/L/s-ps/L/s-PB/R3|R4/b
wed/L/s-ps/L/s-PB/R4|R5/b
wed/L/s-ps/L/s-PB/R5|R6/b
wed/L/s-ps/L/s-PB/R6|R7/b
wed/L/s-ps/L/s-PB/R7|R8/b
wed/L/s-ps/L/s-PB/R8|R9/b
